old_path,new_url,source
/wp-content/uploads/2020/11/fitness-featured.jpg,/storage/blog/featured/just-move-fitness-boosts-body-brain-health-6967b1652fecb.jpg,blog
/wp-content/uploads/2020/11/blog2-1.png,/storage/blog/featured/three-new-businesses-calling-west-columbus-avenue-home-this-fall-6967b16844f05.jpg,blog
/wp-content/uploads/2020/11/bo-alexander-cropped.jpg,/storage/blog/featured/small-nation-welcomes-bo-alexander-as-build-cowork-space-community-manager-6967b16b3bd9e.jpg,blog
/wp-content/uploads/2020/11/home-decor.jpg,/storage/blog/featured/the-home-decor-shop-is-cozy-and-comfortable-eclectic-and-inviting-kind-of-country-but-cooler-6967b16d8fed9.jpg,blog
/wp-content/uploads/2020/11/wagler.jpg,/storage/blog/featured/wagler-badenhop-helping-businesses-weather-the-covid-storm-6967b170a781a.jpg,blog
/wp-content/uploads/2020/12/Screen-Shot-2020-12-16-at-4.26.49-PM.png,/storage/blog/featured/shopping-small-all-season-long-6967b1737e595.jpg,blog
/wp-content/uploads/2021/01/HiPoint-bar-1.jpeg,/storage/blog/featured/ohios-highest-point-welcomes-hi-point-nutrition-6967b17b0f871.jpg,blog
/wp-content/uploads/2021/03/BUILD-front-facade-scaled.jpg,/storage/blog/featured/small-nation-launches-flagship-location-of-build-cowork-space-a-coworking-solution-designed-for-small-towns-in-bellefontaine-ohio-6967b181161d5.jpg,blog
/wp-content/uploads/2021/10/6Vk5Dt1w.jpeg,/storage/blog/featured/3-fun-facts-about-bellefontaine-6967b186ba5e2.jpg,blog
/wp-content/uploads/2021/10/Mayor-Stahler-1.jpg,/storage/blog/featured/bellefontaine-comes-together-to-light-the-city-pink-6967b1897ab55.jpg,blog
/wp-content/uploads/2021/10/tractor.png,/storage/blog/featured/annual-downtown-bellefontaine-pumpkin-walk-a-huge-success-6967b18c1edc2.jpg,blog
/wp-content/uploads/2021/11/IMG_2707-1.jpg,/storage/blog/featured/its-christmas-time-in-the-city-6967b1997b53c.jpg,blog
/wp-content/uploads/2022/01/vdaybanner.jpg,/storage/blog/featured/celebrate-valentines-day-in-ohios-most-loveable-downtown-6967b19b6e0b7.jpg,blog
/wp-content/uploads/2022/02/istock-802623450.jpg,/storage/blog/featured/beer-and-bread-knead-we-say-more-6967b19dba1c1.jpg,blog
/wp-content/uploads/2022/03/Brittany-Daulton-Nathan.jpg,/storage/blog/featured/beyond-the-pizza-oven-6967b1a03a612.jpg,blog
/wp-content/uploads/2022/04/DSC_2975-scaled.jpg,/storage/blog/featured/5-tips-to-celebrate-the-arrival-of-spring-and-earth-day-6967b1a355386.jpg,blog
/wp-content/uploads/2022/05/web1_Don-McLean.jpg,/storage/blog/featured/the-day-don-mclean-performs-at-the-holland-theatre-6967b1a5ce82a.jpg,blog
/wp-content/uploads/2022/05/95690911_2877336259046121_3895655248663937024_n.jpg,/storage/blog/featured/happy-mothers-day-from-downtown-bellefontaine-6967b1a7caa86.jpg,blog
/wp-content/uploads/2022/06/Brewfontaine-1.jpg,/storage/blog/featured/celebrate-fathers-day-in-downtown-bellefontaine-6967b1a9abb8e.jpg,blog
/wp-content/uploads/2022/06/reaganomics2.jpg,/storage/blog/featured/live-music-is-back-at-the-syndicate-6967b1ac100cb.jpg,blog
/wp-content/uploads/2022/06/sidewalk-sales.jpg,/storage/blog/featured/the-first-friday-in-july-is-here-6967b1af30f38.jpg,blog
/wp-content/uploads/2022/07/DSC_2654-scaled.jpg,/storage/blog/featured/its-time-to-celebrate-roundhouse-depot-turns-4-6967b1b355daa.jpg,blog
/wp-content/uploads/2022/07/BestHometown15-4.png,/storage/blog/featured/ohio-magazine-recognizes-bellefontaine-as-one-of-ohios-best-hometowns-to-live-work-and-visit-6967b1b6c0576.jpg,blog
/wp-content/uploads/2022/08/IMG_1927.jpg,/storage/blog/featured/give-a-little-encouragement-6967b1bd75318.jpg,blog
/wp-content/uploads/2022/08/backtoschoolbash-1.jpg,/storage/blog/featured/back-to-school-again-6967b1c013003.jpg,blog
/wp-content/uploads/2022/09/band-of-heathens.jpg,/storage/blog/featured/band-of-heathens-coming-to-holland-theatre-6967b1c2d8e5d.jpg,blog
/wp-content/uploads/2022/09/paintbtownpink1.jpg,/storage/blog/featured/bellefontaines-pink-out-returns-6967b1c57437f.jpg,blog
/wp-content/uploads/2022/12/DSC_7284-scaled.jpg,/storage/blog/featured/avoid-the-crowds-shop-small-this-christmas-6967b1ce7c3c1.jpg,blog
/wp-content/uploads/2023/02/galentine.jpg,/storage/blog/featured/galentines-day-at-nest-1896-6967b1dba9466.jpg,blog
/wp-content/uploads/2023/06/IMG_0921-scaled.jpg,/storage/blog/featured/whats-the-deal-with-the-pineapple-6967b1de214d9.jpg,blog
/wp-content/uploads/2023/01/syndicatevdaydinner2023.jpg,/storage/blog/featured/celebrate-your-valentine-at-the-syndicate-6967b1e0c78b9.jpg,blog
/wp-content/uploads/2023/04/brewfest2021-1.jpg,/storage/blog/featured/no-may-gray-here-just-fun-and-brews-6967b203341ce.jpg,blog
/wp-content/uploads/2023/04/flyingpepper.jpg,/storage/blog/featured/celebrate-cinco-de-mayo-in-downtown-bellefontaine-6967b20719da0.jpg,blog
/wp-content/uploads/2023/04/IMG_5109.jpg,/storage/blog/featured/3-ways-to-celebrate-mom-in-downtown-bellefontaine-6967b20c1ce57.jpg,blog
/wp-content/uploads/2023/05/Untitled-design.jpg,/storage/blog/featured/the-second-annual-pineapple-palooza-is-coming-6967b210b6346.jpg,blog
/wp-content/uploads/2023/08/artandwineruth.jpg,/storage/blog/featured/celebrate-the-arrival-of-august-with-art-and-wine-6967b2199211a.jpg,blog
/wp-content/uploads/2023/08/IMG_0837-2.jpg,/storage/blog/featured/the-2023-live-music-series-at-the-syndicate-6967b21c4b02e.jpg,blog
/wp-content/uploads/2023/08/SATURDAY-AUGUST-26-1-4-PM.png,/storage/blog/featured/the-tour-of-summer-2023-6967b21d35578.jpg,blog
/wp-content/uploads/2023/01/brew.jpg,/storage/blog/featured/celebrate-national-beer-lovers-day-in-downtown-bellefontaine-6967b22a4ce2e.jpg,blog
/wp-content/uploads/2023/09/sweet-aromas-cookie.jpg,/storage/blog/featured/satisfy-your-sweet-tooth-on-national-homemade-cookies-day-6967b233c6b27.jpg,blog
/wp-content/uploads/2023/09/IMG_9321.jpg,/storage/blog/featured/the-great-pumpkin-walk-of-downtown-bellefontaine-returns-6967b23bc7065.jpg,blog
/wp-content/uploads/2023/11/kylie-frey-jesse-jervis.jpg,/storage/blog/featured/kylie-frey-comes-to-town-6967b24871269.jpg,blog
/wp-content/uploads/2023/11/SBS-2.png,/storage/blog/featured/small-business-saturday-is-coming-6967b24adc2eb.jpg,blog
/wp-content/uploads/2023/11/SBS-2-1.png,/storage/blog/featured/why-small-business-saturday-matters-6967b24df2b7a.jpg,blog
/wp-content/uploads/2023/11/DSC_8688-scaled.jpg,/storage/blog/featured/santa-claus-is-coming-to-downtown-6967b25069432.jpg,blog
/wp-content/uploads/2024/01/darin-and-brooke-aldridge-cover.jpg,/storage/blog/featured/darin-and-brooke-a-musical-journey-of-triple-threat-talents-6967b2539297b.jpg,blog
/wp-content/uploads/2024/02/IMG_9722-scaled.jpg,/storage/blog/featured/a-new-leaf-florist-welcomes-new-ownership-and-exciting-changes-6967b25919b17.jpg,blog
/wp-content/uploads/2024/02/easter3.jpg,/storage/blog/featured/hop-into-fun-easter-egg-stravaganza-2024-6967b25b700a2.jpg,blog
/wp-content/uploads/2024/03/bar-crawl-1.jpg,/storage/blog/featured/downtown-bellefontaines-1st-annual-brews-blarney-crawl-6967b25df41a1.jpg,blog
/wp-content/uploads/2024/03/lunasa-2.jpg,/storage/blog/featured/lunasa-returns-to-downtown-bellefontaine-6967b260aa5ce.jpg,blog
/wp-content/uploads/2024/03/stpattys.png,/storage/blog/featured/st-patricks-day-takes-over-downtown-bellefontaine-6967b2635fd98.jpg,blog
/wp-content/uploads/2024/03/IMG_4750.jpg,/storage/blog/featured/treat-yourself-to-the-irresistible-flavors-of-2gs-barbecue-in-downtown-bellefontaine-6967b265d002e.jpg,blog
/wp-content/uploads/2024/03/burrito-2.jpg,/storage/blog/featured/national-burrito-day-celebrate-with-flavor-at-the-flying-pepper-cantina-6967b2685c44b.jpg,blog
/wp-content/uploads/2024/03/roundhouse-2.jpg,/storage/blog/featured/join-the-solar-eclipse-watch-party-6967b26a5f976.jpg,blog
/wp-content/uploads/2024/03/glow-party-2.jpg,/storage/blog/featured/get-ready-to-glow-at-the-syndicates-silent-disco-6967b26d15ef1.jpg,blog
/wp-content/uploads/2024/03/moon-glow-blog-3-1.jpg,/storage/blog/featured/experience-the-cosmic-spectacle-moon-glow-over-main-street-in-downtown-bellefontaine-6967b26f7be0e.jpg,blog
/wp-content/uploads/2024/06/pineapple2024.png,/storage/blog/featured/pineapple-palooza-the-event-of-the-year-in-downtown-bellefontaine-6967b271db244.jpg,blog
/wp-content/uploads/2024/06/DSC_8838-2-scaled.jpg,/storage/blog/featured/discover-the-wonders-of-ohio-caverns-americas-most-colorful-caverns-6967b27483b06.jpg,blog
/wp-content/uploads/2024/07/POTC1.jpg,/storage/blog/featured/celebrate-independence-day-with-parrots-of-the-caribbeana-salute-to-jimmy-buffett-6967b276dfa9d.jpg,blog
/wp-content/uploads/2024/07/duelingpianos.jpg,/storage/blog/featured/unleash-the-fun-at-the-syndicates-dueling-pianos-summer-show-6967b27a0a379.jpg,blog
/wp-content/uploads/2024/07/chrome-horse-bob-dylan-tribute-2.jpg,/storage/blog/featured/experience-the-magic-of-bob-dylan-at-the-syndicate-a-special-dinner-show-event-6967b27d0588a.jpg,blog
/wp-content/uploads/2024/07/AUGUST-24-2P-5P.png,/storage/blog/featured/get-ready-for-the-first-annual-downtown-bellefontaine-toss-n-tour-6967b28112d75.jpg,blog
/wp-content/uploads/2024/07/ice-cream-2-scaled.jpg,/storage/blog/featured/celebrate-national-vanilla-ice-cream-day-in-downtown-bellefontaine-6967b28bdbf3d.jpg,blog
/wp-content/uploads/2024/07/pepper-margs.jpg,/storage/blog/featured/raise-a-glass-to-national-tequila-day-6967b28e6bb6e.jpg,blog
/wp-content/uploads/2024/09/art-and-wine-2.jpg,/storage/blog/featured/sip-stroll-and-savor-art-wine-jazz-fest-in-downtown-bellefontaine-6967b2909eea1.jpg,blog
/wp-content/uploads/2024/11/Christmas-Capital-scaled.jpg,/storage/blog/featured/introducing-ohios-christmas-capital-6967b2979f0f2.jpg,blog
/wp-content/uploads/2025/01/IMG_3618.jpg,/storage/blog/featured/things-to-do-in-bellefontaine-ohio-after-a-day-at-mad-river-mountain-6967b2a3b6b07.jpg,blog
/wp-content/uploads/2025/05/pineapple2.jpg,/storage/blog/featured/central-ohio-day-trips-discover-bellefontaine-6967b2a61597d.jpg,blog
/wp-content/uploads/2025/05/IMG_1168.jpg,/storage/blog/featured/discover-unique-shopping-near-columbus-ohio-bellefontaine-6967b2aa57fef.jpg,blog
/wp-content/uploads/2025/08/maxwellexteriorrendering1.png,/storage/blog/featured/new-event-venue-in-bellefontaine-ohio-6967b2b30099a.jpg,blog
/wp-content/uploads/2025/08/Tavien-St.-Clair-Signs-12-5-24.jpg,/storage/blog/featured/tavien-st-clair-ohio-states-next-star-hails-from-bellefontaine-6967b2b5728de.jpg,blog
/wp-content/uploads/2025/08/unioncountyfilm2.jpeg,/storage/blog/featured/movies-filmed-in-ohio-bellefontaine-serves-as-film-location-6967b2b7680d3.jpg,blog
/wp-content/uploads/2025/08/IMG_6642-scaled.jpg,/storage/blog/featured/proof-empowering-aspiring-entrepreneurs-in-downtown-bellefontaine-6967b2b99b4c5.jpg,blog
/wp-content/uploads/2025/09/535718343_789243340443692_312229770836462179_n.jpg,/storage/blog/featured/bellefontaine-ohio-and-football-our-first-ever-tailgate-takeover-is-almost-here-6967b2c4bb246.jpg,blog
/wp-content/uploads/2025/09/20240907_060016122_iOS-scaled.jpg,/storage/blog/featured/top-halloween-events-in-bellefontaine-ohio-scavenger-hunt-6967b2c710e13.jpg,blog
/wp-content/uploads/2025/11/IMG_9356.jpg,/storage/blog/featured/fall-foliage-in-ohio-visit-bellefontaine-6967b2c963bf7.jpg,blog
/wp-content/uploads/2025/11/carriages1.jpg,/storage/blog/featured/christmas-stuff-to-do-in-ohio-carriages-and-carols-6967b2d5c090d.jpg,blog
/wp-content/uploads/2025/11/unnamed.jpg,/storage/blog/featured/one-of-the-best-holiday-shows-near-columbus-ohio-its-a-wonderful-life-6967b2d7d863f.jpg,blog
/wp-content/uploads/2025/12/IMG_4555.jpg,/storage/blog/featured/thinking-about-a-pop-up-shop-around-columbus-ohio-6967b2da85cc6.jpg,blog
/wp-content/uploads/2025/12/594397782_848083577945804_2611348407626652661_n.jpg,/storage/blog/featured/best-christmas-experiences-in-central-ohio-make-time-for-this-studio-6967b2e63bb22.jpg,blog
/wp-content/uploads/2025/11/holland.jpg,/storage/blog/featured/the-doors-in-concert-a-special-bellefontaine-tribute-6967b2f06b189.jpg,blog
/wp-content/uploads/2026/01/DSC00858-2.jpg,/storage/blog/featured/axe-quacks-throwing-bowling-arcade-a-must-visit-attraction-in-downtown-bellefontaine-6967b2f2dc368.jpg,blog
/wp-content/uploads/2026/01/The-morning-riot-2.jpg,/storage/blog/featured/ohios-most-lovable-downtown-speaks-all-7-love-languages-6a5c513de1bbe.jpg,blog
/wp-content/uploads/2026/01/Chocolate-walk-2026-1.jpg,/storage/blog/featured/love-is-in-the-air-february-events-to-enjoy-downtown-bellefontaine-6a5c5140df31d.jpg,blog
/wp-content/uploads/2026/02/caverns.jpg,/storage/blog/featured/ohio-caverns-to-world-class-pizza-in-15-minutes-6a5c514387f8a.jpg,blog
/wp-content/uploads/2026/02/boat-show-3.jpg,/storage/blog/featured/the-2026-indian-lake-boat-show-your-guide-to-bellefontaine-6a5c51458664a.jpg,blog
/wp-content/uploads/2026/03/482065416_956383290035617_1943643723082151870_n.jpg,/storage/blog/featured/brewfontaine-in-bellefontaine-ohio-the-craft-beer-bar-that-put-a-small-town-on-the-map-6a5c5149256f4.jpg,blog
/wp-content/uploads/2026/03/stpaddysbarcrawl.webp,/storage/blog/featured/spring-day-dates-in-downtown-bellefontaine-ohio-6a5c514ae5526.jpg,blog
/wp-content/uploads/2026/04/DSC01446.jpg,/storage/blog/featured/from-one-dogs-story-to-a-downtown-destination-wags-bakery-grooming-opens-in-bellefontaine-6a5c514cee50d.jpg,blog
/wp-content/uploads/2026/04/IMG_9347-3-1.jpg,/storage/blog/featured/its-finally-spring-in-downtown-bellefontaine-6a5c514eea2b1.jpg,blog
/wp-content/uploads/2026/04/DSC01192.jpg,/storage/blog/featured/a-quiet-place-to-reset-welcoming-dee-masters-massage-therapy-to-downtown-bellefontaine-6a5c515139157.jpg,blog
/wp-content/uploads/2026/04/DSC01694.jpg,/storage/blog/featured/bringing-back-something-weve-been-missing-just-uneeq-mercantile-in-downtown-bellefontaine-6a5c51530935c.jpg,blog
